genes,baseMean,log2FoldChange,lfcSE,stat,pvalue,padj,minus_log10_pvalue,significance
AT5G04120,456.567150497913,3.6266011404354,0.246267853712839,14.7262465878483,4.37330188676503e-49,9.87097968861736e-45,44.005639741733,Significantly upregulated
AT2G28780,1964.39827966879,-3.63096445162617,0.329551451993471,-11.0178985092079,3.13287740418407e-28,3.53560879449193e-24,23.4515357945053,Significantly downregulated
AT1G62280,217.834524247056,-3.90151508736126,0.355877287841344,-10.963090988545,5.75012229646201e-28,4.3262003451148e-24,23.3638933723766,Significantly downregulated
AT1G32450,5241.02715637136,-3.46831217889911,0.320104733071238,-10.8349293858371,2.3514676144802e-27,1.32687438816082e-23,22.8771701887488,Significantly downregulated
AT1G30530,708.295307266527,2.03368214218146,0.193899750706729,10.4883174669852,9.77535848180313e-26,4.41279232585557e-22,21.3552865107711,Significantly upregulated
AT1G15380,739.4576549979,-2.71485481751206,0.260161262999139,-10.4352768979333,1.7111413851089e-25,6.43702870054883e-22,21.1913145544935,Significantly downregulated
AT2G33380,1472.89159370065,2.02661154481555,0.196079542920454,10.3356602867934,4.86053085936789e-25,1.56724345752561e-21,20.8048635344521,Significantly upregulated
AT2G01530,1043.10200394304,-1.92433433975464,0.189281545975263,-10.1665185046942,2.79728768512748e-24,7.89219754262654e-21,20.1028020528422,Significantly downregulated
AT5G20250,8330.86597511404,-1.56785582977024,0.157876409517765,-9.93090629916957,3.05466361389156e-23,7.66075693657183e-20,19.1157283169033,Significantly downregulated
AT1G10370,474.819595674078,1.8701090584333,0.188709710214849,9.90997790364974,3.76729483387821e-23,8.5031611695465e-20,19.0704195891957,Significantly upregulated
AT5G63160,756.367142989724,-2.29863645071256,0.235044337371265,-9.77958659383376,1.3777212173698e-22,2.82695869065942e-19,18.5486805376547,Significantly downregulated
AT5G19890,1623.98205329363,-2.68376502460944,0.278671205747466,-9.63057886591086,5.93939374806231e-22,1.11715046906262e-18,17.9518883277953,Significantly downregulated
AT2G28670,1985.96975821343,-1.69036525490698,0.179505695325844,-9.41677784561978,4.65142962564646e-21,8.07595523695894e-18,17.0928060969096,Significantly downregulated
AT2G34810,233.430354984116,2.25741944167592,0.243521055437681,9.26991482366343,1.86294633418273e-20,3.00346869348846e-17,16.5223768905407,Significantly upregulated
AT3G02850,170.861663764964,-2.64383734074812,0.294594643552716,-8.97449223402128,2.84661719301696e-19,4.28339977757239e-16,15.3682113902097,Significantly downregulated
AT5G59780,1291.39673724199,-2.53271163473914,0.284751928998949,-8.89444943759622,5.87096329385456e-19,7.7949125003289e-16,15.1081887555024,Significantly downregulated
AT3G01260,518.454452556752,-2.41482488638338,0.273153456027562,-8.84054304676165,9.52544789404779e-19,1.19443824675863e-15,14.9228362986435,Significantly downregulated
AT4G08290,529.991442947328,-1.85790150971225,0.213459412252657,-8.70376944312573,3.21038916459228e-18,3.81377335968486e-15,14.4186451192509,Significantly downregulated
AT4G01430,208.943331801996,-2.94964864209263,0.34079340986798,-8.65523967507263,4.91876939825142e-18,5.55107720439664e-15,14.2556227324573,Significantly downregulated
AT5G62210,226.272816973927,3.62726056325404,0.43148905946256,8.40637898854717,4.22863196228372e-17,4.33838418275936e-14,13.3626719919565,Significantly upregulated
AT1G10070,353.211022317786,-2.47493704783066,0.295111441562065,-8.38644897917369,5.01047021997673e-17,4.9170140580476e-14,13.3082985500333,Significantly downregulated
AT2G47160,2622.97807949155,-1.50790283944611,0.181550276805274,-8.30570388533995,9.92294214835027e-17,9.33211363460058e-14,13.0300199815607,Significantly downregulated
AT5G43540,269.214044529857,-2.87385978915326,0.347472826545028,-8.27074686020329,1.33122430381449e-16,1.20188255045587e-13,12.9201379700879,Significantly downregulated
AT2G28671,2124.8660407794,-1.59715238693004,0.197783675352599,-8.07524879939012,6.73392000884416e-16,5.84581955844698e-13,12.2331545940385,Significantly downregulated
AT3G16340,997.735469824303,-1.52072909767274,0.189024542109184,-8.04514102086458,8.61461646873663e-16,6.78053014053296e-13,12.168736349185,Significantly downregulated
AT4G00910,374.084801172938,-2.09558042991687,0.262949871733774,-7.96950542740162,1.59310633746894e-15,1.19860010476705e-12,11.9213256886788,Significantly downregulated
AT1G31050,191.79198984229,-1.96782041223655,0.249790334749455,-7.87788852683317,3.32959556265208e-15,2.34850942014438e-12,11.6292076934716,Significantly downregulated
AT2G16990,76.6920382754627,-2.58359136690664,0.32946280294429,-7.84183022732162,4.44026435065325e-15,2.94849534270358e-12,11.5303995538756,Significantly downregulated
AT3G55120,274.331235443926,2.44869273141327,0.312261738452749,7.84179561526331,4.44148870904797e-15,2.94849534270358e-12,11.5303995538756,Significantly upregulated
AT1G70850,3553.36605549373,-1.52663842879336,0.195155110084405,-7.82269256558583,5.17052728726012e-15,3.33439918287852e-12,11.4769824091439,Significantly downregulated
AT1G44800,2506.81336694073,-1.78920508748185,0.229063930638669,-7.81094204789572,5.67621114550216e-15,3.55882671569804e-12,11.4486931578934,Significantly downregulated
AT3G46130,251.655577021503,-2.60161583336184,0.335153350362727,-7.76246404980342,8.32949870550735e-15,5.08121933194612e-12,11.2940320582686,Significantly downregulated
AT2G33830,4196.1218371778,-1.85174584789076,0.240343904148668,-7.70456756309217,1.3128710496586e-14,7.79810854259057e-12,11.1080107241211,Significantly downregulated
AT1G18880,786.448818854735,-1.74434367935132,0.227021838525895,-7.68359418934206,1.54686139239702e-14,8.95236115071621e-12,11.0480624060821,Significantly downregulated
AT2G23010,267.650553330043,1.65492132742272,0.21650501964567,7.64380119283674,2.10900964634425e-14,1.1900614181909e-11,10.9244306244116,Significantly upregulated
AT4G31910,671.702777283033,-2.09024549473327,0.273663406528026,-7.63801606233097,2.20594347439631e-14,1.21439878440486e-11,10.9156386761707,Significantly downregulated
AT3G14260,199.487526171138,-2.11090300548249,0.277108761505005,-7.61759748778051,2.58440711382805e-14,1.38887268967173e-11,10.8573375618269,Significantly downregulated
AT3G18560,170.989507031742,-1.71863504430862,0.22885725331572,-7.5096376427173,5.9291249161806e-14,3.11223903449098e-11,10.5069270545571,Significantly downregulated
AT2G23130,294.85989642535,1.60556771867798,0.215246209781767,7.45921482336824,8.70395967746298e-14,4.46493349727311e-11,10.3501850053045,Significantly upregulated
AT5G65800,794.395186118778,1.64368860979047,0.221271562462049,7.42837711046752,1.09938152461156e-13,5.5142534204461e-11,10.2585132787503,Significantly upregulated
AT1G65060,353.693011419814,2.77210883059127,0.375045646299703,7.39139050923965,1.45301186162748e-13,7.12955015843342e-11,10.1469378712524,Significantly upregulated
AT1G31770,1633.71976596754,-1.79501206972714,0.243659845760313,-7.36687682012605,1.74671739531916e-13,8.38833155952104e-11,10.0763244118232,Significantly downregulated
AT2G38400,823.029790628339,-1.55374301530266,0.211018404548515,-7.36306872676328,1.79729777179827e-13,8.45141833484556e-11,10.0730704007181,Significantly downregulated
AT5G57685,777.411265014412,-1.74054067398918,0.236657481605087,-7.35468265015022,1.91381250015529e-13,8.81564529408266e-11,10.0547458923945,Significantly downregulated
AT5G26670,262.954541008706,1.68254473577597,0.230432257351216,7.30168924748888,2.84177006592627e-13,1.28283184316044e-10,9.89183026831233,Significantly upregulated
AT3G62040,805.32463880834,-2.18911584513833,0.302941686057869,-7.2261954887257,4.96712596254395e-13,2.11533962453924e-10,9.6746198953234,Significantly downregulated
AT4G30460,145.499437924242,-2.18898623645786,0.30377415988684,-7.20596589674804,5.7633827557975e-13,2.40898726261306e-10,9.61816549630364,Significantly downregulated
AT2G40900,655.235472678759,-2.04297833021421,0.284897882854896,-7.17091439831703,7.44984779279389e-13,3.05728208238456e-10,9.51466448892478,Significantly downregulated
AT1G19530,9129.34933270815,-1.86669606679001,0.26124281720411,-7.14544455908063,8.97050919921146e-13,3.61559577027503e-10,9.44182013034055,Significantly downregulated
AT3G48740,5266.74185017956,-1.77465235513287,0.248629174459056,-7.13774784875504,9.48724571880015e-13,3.69201074343169e-10,9.43273704388494,Significantly downregulated
AT1G10522,5248.54554543109,1.64882747755053,0.232233497342558,7.09986929714281,1.24874930639377e-12,4.67701724077933e-10,9.33003102915895,Significantly upregulated
AT2G28960,281.483313556362,-1.75953528880663,0.24784886612181,-7.09922670351,1.2545687052552e-12,4.67701724077933e-10,9.33003102915895,Significantly downregulated
AT5G10580,1132.30515292395,-2.26094378689916,0.31852393585953,-7.09819116355588,1.26400271005954e-12,4.67701724077933e-10,9.33003102915895,Significantly downregulated
AT1G51890,157.712637312696,-1.73973589743815,0.245266568551984,-7.0932451483677,1.31003090902102e-12,4.76914639476022e-10,9.32155934616317,Significantly downregulated
AT1G65970,5558.07457891797,-1.78991372574044,0.252474759594426,-7.08947590886213,1.3462083274748e-12,4.82305843800534e-10,9.31667747596958,Significantly downregulated
AT4G03210,1050.59397640694,2.33645214045888,0.33163383055993,7.04527682388138,1.85093154975079e-12,6.42728861683464e-10,9.1919721976959,Significantly upregulated
AT1G61820,397.726937514779,-1.57346894994287,0.22352759939123,-7.03926027134079,1.93263075992226e-12,6.6093043760917e-10,9.17984424724999,Significantly downregulated
AT1G15580,81.2574308274255,2.71288851385869,0.385511378460399,7.03711658185821,1.96258645005925e-12,6.61157294989362e-10,9.1796952058408,Significantly upregulated
AT4G33420,968.073962690403,-1.70698603312693,0.245669267289886,-6.94830921245313,3.69690021434597e-12,1.22709904026475e-09,8.911120383561,Significantly downregulated
AT5G10625,448.26784580903,-2.05716350377292,0.300023096890406,-6.85668378566324,7.047739470759e-12,2.27249325135002e-09,8.64349739783352,Significantly downregulated
AT1G02800,1691.29794120695,1.89530767679158,0.278399092497502,6.80788022614902,9.90472691025738e-12,3.14872663509041e-09,8.50186504213423,Significantly upregulated
AT5G59130,90.238633084489,2.6322395961332,0.386932056147739,6.80284704849617,1.02571533782126e-11,3.21547512360608e-09,8.49275484597,Significantly upregulated
AT2G36120,750.038626693898,-1.64082153381192,0.242646701138501,-6.76218356199846,1.35927329401421e-11,4.16081988896437e-09,8.38082108327504,Significantly downregulated
AT4G16000,53.2214052740241,-2.74848208983511,0.406660918595373,-6.75865804692642,1.39275668886925e-11,4.19145482992905e-09,8.37763520974343,Significantly downregulated
AT3G13730,224.726016930039,-1.97979733758233,0.295149224905708,-6.70778430204186,1.97601720772061e-11,5.64565625259013e-09,8.24828556829821,Significantly downregulated
AT1G60680,739.139958526594,-1.60756561304084,0.240036826118256,-6.69716242727213,2.12505383165725e-11,5.98111352807004e-09,8.22321795412586,Significantly downregulated
AT3G10520,122.049469953433,1.70856346579273,0.255173269162083,6.69569924547023,2.14642769825738e-11,5.98111352807004e-09,8.22321795412586,Significantly upregulated
AT5G48880,386.581958916663,3.08083952471645,0.460742560352285,6.68668317153255,2.2828536524266e-11,6.28369387669766e-09,8.20178498068161,Significantly upregulated
AT2G47860,296.381218021347,-1.57484308170574,0.236283740426266,-6.66505058225612,2.64574216939358e-11,7.19482488016656e-09,8.14297977219338,Significantly downregulated
AT3G05600,249.090687110784,2.24941047343926,0.338682650383568,6.64164660011885,3.10198006230367e-11,8.23703435132426e-09,8.08422912285212,Significantly upregulated
AT3G14280,202.476547930842,-1.59918177022883,0.240970734827606,-6.63641487989364,3.21404397440995e-11,8.43537052865197e-09,8.07389583601325,Significantly downregulated
AT1G78820,721.656516412658,1.87725200059301,0.283325550498467,6.62577729855385,3.45425618321699e-11,8.96161107027478e-09,8.04761390819119,Significantly upregulated
AT1G14160,123.500342998574,-2.30158773306504,0.348321145412331,-6.60766009580182,3.90441859698286e-11,1.00143900173296e-08,7.99937549870946,Significantly downregulated
AT2G43610,892.456664162628,-2.08488038302144,0.316083422315486,-6.59598142714523,4.22451812211112e-11,1.07136627566483e-08,7.97006202841601,Significantly downregulated
AT4G15990,128.208070914078,-2.73118891293024,0.414732159521728,-6.58542833061191,4.53575849339918e-11,1.13751783282792e-08,7.94404178619783,Significantly downregulated
ATMG01270,36.7122732899796,8.74752999400014,1.33294945676539,6.56253689860632,5.28999443127955e-11,1.31209301437814e-08,7.88203537669869,Significantly upregulated
AT1G06000,1670.95352958291,1.69329800829342,0.258616914104345,6.54751455123393,5.85025224045891e-11,1.43528307955868e-08,7.84306243498169,Significantly upregulated
AT3G08770,139.606655276585,2.5469084609506,0.389266170369352,6.54284562805441,6.03591277658776e-11,1.46490954064906e-08,7.83418919251799,Significantly upregulated
AT3G08040,473.470751560258,-1.89763814830713,0.290241016342082,-6.53814602850806,6.22860950139495e-11,1.49559516017006e-08,7.82518594891688,Significantly downregulated
AT2G39370,220.8734290298,-2.11438506939013,0.323617285426099,-6.53359744553251,6.42083837314858e-11,1.52552360968775e-08,7.81658106663333,Significantly downregulated
AT3G52180,424.55095657396,1.50317460216882,0.230849685594595,6.5114864605387,7.44107366145197e-11,1.73146880013023e-08,7.76158532973009,Significantly upregulated
AT5G24850,236.575125111175,1.62343033958588,0.249377942544869,6.50991953425787,7.51910714897929e-11,1.73177313734297e-08,7.76150900126395,Significantly upregulated
AT1G11600,1426.18871355583,1.82701019743628,0.281284454757697,6.49524055287768,8.29008396594121e-11,1.87115485195259e-08,7.7278902699208,Significantly upregulated
AT1G61590,1352.17368245297,-1.99912991260321,0.308377076833783,-6.48274486913551,9.00687343880483e-11,2.01281327116103e-08,7.69619651277447,Significantly downregulated
AT5G10210,227.703036814923,-2.35895310155065,0.364605662775662,-6.46987510723905,9.80839526034398e-11,2.16705967717164e-08,7.66412912877733,Significantly downregulated
AT1G32540,419.455326758089,1.52212622840172,0.235645143168729,6.45939996018434,1.05118949571813e-10,2.28138443344748e-08,7.64180152609678,Significantly upregulated
AT3G61060,946.67630731324,-1.91098118196898,0.295985360263131,-6.45633682784216,1.07267721180157e-10,2.30584736643554e-08,7.63716944383607,Significantly downregulated
AT1G24020,1153.42608197498,2.08549331627912,0.323808790335769,6.44050865363041,1.19073766083868e-10,2.48853145766573e-08,7.60405686494435,Significantly upregulated
AT2G05440,64.1145797191681,-2.73457231555298,0.425486847335037,-6.42692560928851,1.30210502059034e-10,2.64773084862563e-08,7.57712616458644,Significantly downregulated
AT2G36870,1057.32104436868,1.66787978202683,0.2594929828322,6.42745620256467,1.29756963969582e-10,2.64773084862563e-08,7.57712616458644,Significantly upregulated
AT1G06002,1682.82012890455,1.71401978603546,0.267015597305257,6.41917477231102,1.3701503640373e-10,2.76121998809695e-08,7.55889899147351,Significantly upregulated
AT4G40070,805.51161684458,-1.94641574046513,0.303661234788588,-6.40982620590424,1.45685614042236e-10,2.90997344650204e-08,7.53611097393171,Significantly downregulated
AT5G08000,481.848352043183,1.69209561023517,0.264274100532032,6.40280529506553,1.52547682586124e-10,3.0203103014486e-08,7.51994843608788,Significantly upregulated
AT3G15450,4835.38310076138,-2.00299994807542,0.313245251300635,-6.39435056001233,1.612311449903e-10,3.13719670135866e-08,7.5034582503056,Significantly downregulated
AT1G06570,1576.58711737464,-1.66295919642144,0.260580150811326,-6.38175698050581,1.75067632981724e-10,3.34868774917838e-08,7.47512534667664,Significantly downregulated
AT2G36690,128.00562479471,-1.69306557887675,0.265776816442835,-6.37025306246344,1.88716558321574e-10,3.57942977972795e-08,7.44618615303265,Significantly downregulated
AT4G01450,598.248907399138,-1.56712356188619,0.246251831534421,-6.36390621796101,1.9668625979916e-10,3.69950464160571e-08,7.43185642345178,Significantly downregulated
AT4G10510,89.5993629993093,-1.99251082234698,0.313244421119284,-6.36088207166578,2.00598416222057e-10,3.74190648970914e-08,7.42690706972504,Significantly downregulated
AT1G66430,660.039919782974,1.56706845769015,0.247195274866732,6.33939487126112,2.30669347796752e-10,4.23287630009796e-08,7.37336442299063,Significantly upregulated
AT3G23430,2258.92185421812,-2.08557284590939,0.329150786544974,-6.33622318755852,2.35465633651432e-10,4.28604420737619e-08,7.3679433538447,Significantly downregulated
AT1G08670,88.6501362891454,-1.96956501707515,0.311195984858939,-6.32901808796769,2.46726190145965e-10,4.41972764903538e-08,7.35460449177428,Significantly downregulated
AT5G09530,230.281630557768,-2.60499324223056,0.411574087887461,-6.3293421983914,2.46208540691419e-10,4.41972764903538e-08,7.35460449177428,Significantly downregulated
AT2G29330,167.984356028323,-2.4336056045711,0.386145375027515,-6.30230416303107,2.93252954467675e-10,5.17110346507022e-08,7.28641677263993,Significantly downregulated
AT1G64370,575.680636865202,-2.95673678206506,0.470001965731822,-6.29090301241876,3.15624496402625e-10,5.47996962177204e-08,7.26122184902172,Significantly downregulated
AT4G39210,683.060403400863,2.0134838780112,0.322592852823896,6.24156381762854,4.33217616305279e-10,7.35199610347854e-08,7.1335947317958,Significantly upregulated
AT4G28780,57.9932832842851,2.46999354481801,0.396632005934573,6.22741863455531,4.74182855982948e-10,7.98715018088889e-08,7.09760814953295,Significantly upregulated
AT5G48940,131.31887564386,-1.76708740093528,0.284385614689721,-6.21370178257173,5.1750701731098e-10,8.58871388803392e-08,7.06607186447468,Significantly downregulated
AT5G08640,738.592390920181,2.85049308048039,0.460379596343457,6.19161470907984,5.95509754517016e-10,9.6008933351454e-08,7.01768835524441,Significantly upregulated
AT1G53070,193.314952660701,1.94152276719377,0.313823372009692,6.18667358890596,6.14470140357687e-10,9.76704615353053e-08,7.01023676004653,Significantly upregulated
AT2G16850,283.593103176448,1.67123957260535,0.271295620442115,6.1602158187509,7.26458706307906e-10,1.12307530548464e-07,6.9495911220467,Significantly upregulated
AT1G08803,403.190654816069,-1.85980367038192,0.302435323784346,-6.14942608922255,7.77638131829414e-10,1.17799129352495e-07,6.92885791938597,Significantly downregulated
AT5G63850,331.418917280357,-1.84836852378856,0.301508682285339,-6.13039899806042,8.76589528574002e-10,1.31903348329625e-07,6.87974417986969,Significantly downregulated
AT4G34600,413.874735000483,-1.96497318877546,0.320624849455548,-6.12857422658342,8.86700602524436e-10,1.32541187414431e-07,6.87764914295554,Significantly downregulated
AT5G23940,272.608411642747,1.53916258903793,0.251400075016987,6.12236328463282,9.21975162182664e-10,1.36907245958059e-07,6.86357356577161,Significantly upregulated
AT2G25530,71.7525461062999,2.0963307494984,0.342886230359691,6.11377933520203,9.72988247153771e-10,1.4353802435626e-07,6.84303303565058,Significantly upregulated
AT1G73300,186.391151733328,-1.91730425253011,0.313752573751896,-6.11087975981433,9.90833995312305e-10,1.45221520183078e-07,6.83796902134782,Significantly downregulated
AT1G73220,541.157574576649,-2.02633223567179,0.333280558167603,-6.07995931959755,1.20213042531894e-09,1.73931319422269e-07,6.75962220852307,Significantly downregulated
AT3G53980,799.744329860956,-1.64137463705013,0.270422224977096,-6.06967358984324,1.28170484986308e-09,1.83097216242149e-07,6.73731825853754,Significantly downregulated
AT2G46420,256.589084477825,1.95135717155392,0.322422234237674,6.05217929888632,1.42899287791689e-09,1.99097520046063e-07,6.70093414950056,Significantly upregulated
AT3G01350,151.908939784373,-1.52969148052899,0.25409498936327,-6.02015602260479,1.742490276648e-09,2.38362109298316e-07,6.62276278010005,Significantly downregulated
AT1G53940,100.642433381459,-1.79591914128612,0.298490792344293,-6.01666512786305,1.78046867442916e-09,2.40640469763717e-07,6.6186313332843,Significantly downregulated
AT1G21680,2555.2724625713,-1.65063994119492,0.27483336638046,-6.00596631673131,1.90195677532535e-09,2.5252391985805e-07,6.59769747786081,Significantly downregulated
AT4G12870,413.343006859029,2.11676280993019,0.352417775399472,6.00640194022792,1.89685609503835e-09,2.5252391985805e-07,6.59769747786081,Significantly upregulated
AT1G05147,113.890551808369,-2.22620503740744,0.3708661892883,-6.00271769631945,1.94041831796671e-09,2.54634778225736e-07,6.59408228033663,Significantly downregulated
AT1G30760,839.221359728712,-1.85542061055522,0.309072193397294,-6.00319488518396,1.93472160248039e-09,2.54634778225736e-07,6.59408228033663,Significantly downregulated
AT3G46690,111.401775328486,-1.7165546004814,0.286903730228406,-5.98303339979177,2.19019833857755e-09,2.81613352738806e-07,6.55034675690457,Significantly downregulated
AT5G47740,264.858147495435,-1.65487620641001,0.276614462167873,-5.9826091283893,2.19591290071462e-09,2.81613352738806e-07,6.55034675690457,Significantly downregulated
AT4G15960,215.598095663593,-1.53081752473134,0.256036040861776,-5.97891421683782,2.24629801536738e-09,2.86447415281678e-07,6.54295509219241,Significantly downregulated
AT1G67870,428.633780121365,-2.16456368210264,0.36223513872793,-5.97557622295837,2.2927830483296e-09,2.90732619010378e-07,6.5365062394319,Significantly downregulated
AT4G08300,1151.32525820468,-1.87872863488118,0.314806270926331,-5.9678882169435,2.40343928681255e-09,3.03061609735453e-07,6.51846907430876,Significantly downregulated
AT1G12845,212.080175568044,1.65424596490613,0.278575235368655,5.93823769983348,2.88102131362899e-09,3.55341705300109e-07,6.44935381778856,Significantly upregulated
AT5G06740,168.228263375336,-1.58167615661421,0.267059931841374,-5.92255133785355,3.16984802058731e-09,3.82602351190781e-07,6.41725236544818,Significantly downregulated
AT3G22540,174.70043989617,1.77697035478632,0.30053131684241,5.91276268129526,3.3641672416344e-09,4.03896908568777e-07,6.39372947091186,Significantly upregulated
AT3G11930,4238.38446576531,-1.608204809167,0.272806571076173,-5.89503692239859,3.74597610466942e-09,4.47356754806843e-07,6.34934600069647,Significantly downregulated
AT1G26240,249.995339378963,-2.87102410982234,0.489909180443972,-5.86031906407739,4.6197865988311e-09,5.40275664881952e-07,6.26738459352965,Significantly downregulated
AT1G69490,184.591490166632,-1.84247231311677,0.314481886417948,-5.85875496392856,4.66350204709407e-09,5.4105699929606e-07,6.26675698040954,Significantly downregulated
AT3G26220,87.4019618157245,-2.00638149094013,0.34593269471063,-5.7999186593752,6.63470944385515e-09,7.30497691986608e-07,6.13638115188446,Significantly downregulated
AT5G41460,215.416850941406,1.62367809583561,0.28037136744879,5.79116944290745,6.98980152833734e-09,7.58494280269722e-07,6.1200476898366,Significantly upregulated
AT4G26390,171.322727926299,1.67235917003835,0.289237532482967,5.78195767223549,7.38362884085327e-09,7.97396586444494e-07,6.09832562783025,Significantly upregulated
AT5G09220,1314.36122020066,-2.19067559386604,0.379602743240395,-5.77096881641534,7.88170608776682e-09,8.35201822098521e-07,6.07820856687238,Significantly downregulated
AT3G04290,1833.28694870858,2.52529908353526,0.438021981567124,5.76523368644749,8.15447721997386e-09,8.56068396893162e-07,6.06749153531513,Significantly upregulated
AT3G51330,1124.17547869229,-1.52760089370622,0.265032024006032,-5.76383514194288,8.22237346021065e-09,8.59199960048216e-07,6.0659057518387,Significantly downregulated
AT4G11650,1102.13458860107,-1.55477335897111,0.269928832978787,-5.75993806150121,8.41448073186312e-09,8.75222325340472e-07,6.05788161280165,Significantly downregulated
AT2G45830,231.325940757085,-1.65080134323796,0.28723979054685,-5.74711929741751,9.07766851447011e-09,9.36541484128041e-07,6.02847298077794,Significantly downregulated
AT3G21530,49.9320100651855,-2.20856173684354,0.384301835826431,-5.74694558014297,9.08699592503836e-09,9.36541484128041e-07,6.02847298077794,Significantly downregulated
AT1G67110,273.378533603971,-1.87525907547996,0.326566974574785,-5.74234145360744,9.3376292853175e-09,9.57998320904097e-07,6.01863525211428,Significantly downregulated
AT1G15040,415.996199559609,-2.20710937486182,0.385761510882383,-5.72143490887239,1.05628125642976e-08,1.0739335242737e-06,5.96902260032604,Significantly downregulated
AT4G39795,49.7211112762865,-2.24825141348201,0.394039989683073,-5.70564275796039,1.1590486616371e-08,1.14740733955312e-06,5.9402823764187,Significantly downregulated
AT1G21100,1028.8522059202,-2.04123758540606,0.358826646280047,-5.68864549655816,1.28050983718421e-08,1.25662554500369e-06,5.90079411608166,Significantly downregulated
AT2G22122,1394.02386515387,-1.83389609306195,0.322638696344187,-5.68405499353236,1.31537949191079e-08,1.28525673211769e-06,5.89101011263976,Significantly downregulated
AT3G48390,140.021710223439,-1.76920828890957,0.312112869377085,-5.66848875036954,1.44062527332682e-08,1.38367459762807e-06,5.85896603204008,Significantly downregulated
AT2G23030,131.072131456668,-1.82350145670752,0.324061325249136,-5.62702585785462,1.83343252479676e-08,1.73148140239279e-06,5.76158216878767,Significantly downregulated
AT1G31800,314.288303429868,1.57325158941949,0.279732971658333,5.62411924519598,1.86456823136158e-08,1.74627259543827e-06,5.75788796140136,Significantly upregulated
AT3G24310,59.042162360476,-2.14900851747447,0.382273410131762,-5.62165314279576,1.89138725580763e-08,1.7640703202824e-06,5.75348410678815,Significantly downregulated
AT2G08760,2081.34515771646,1.74795649119475,0.311035282270513,5.61980132425788,1.91177175147075e-08,1.7757448642982e-06,5.7506194326943,Significantly upregulated
AT1G79320,139.662344527279,-1.54070410241928,0.27461090908155,-5.6104985325319,2.01744583333813e-08,1.86622007804405e-06,5.7290371424522,Significantly downregulated
AT3G12090,191.165635665124,-1.64558342318566,0.293952761160993,-5.59812201350408,2.16686233111131e-08,1.99327765129467e-06,5.70043220254056,Significantly downregulated
AT4G08780,24.8518154385845,-3.68821087059664,0.658882698052603,-5.59767448970436,2.17246157555486e-08,1.99327765129467e-06,5.70043220254056,Significantly downregulated
AT2G44010,234.813786498716,-1.5150593657479,0.270761046113014,-5.59555884237323,2.19912244230382e-08,2.00957055243884e-06,5.69689674189942,Significantly downregulated
AT3G18000,1511.84671253269,1.92274725107738,0.343907416914116,5.59088625749978,2.25913537710487e-08,2.04701663738678e-06,5.68887862753979,Significantly upregulated
AT1G12010,391.540074839829,-2.3283696628909,0.417422778800921,-5.57796503003338,2.43348558831945e-08,2.17099617446476e-06,5.66334094181979,Significantly downregulated
AT4G07820,949.918429088834,-1.71977909622558,0.308470281840621,-5.57518567417184,2.4726599285477e-08,2.1972601278445e-06,5.65811852505493,Significantly downregulated
AT1G68150,145.716653585752,-1.6540682821493,0.297438097536791,-5.56105050377651,2.68155575348707e-08,2.35507373198275e-06,5.62799549155335,Significantly downregulated
AT5G49330,184.384534120725,1.81214350812096,0.326131900888648,5.55647424610476,2.75278314614434e-08,2.40825846479162e-06,5.61829690453673,Significantly upregulated
AT3G01290,3361.0666148955,-1.92953040085201,0.347504183074969,-5.55253863069541,2.8155046926886e-08,2.45361993894496e-06,5.61019270778748,Significantly downregulated
AT1G72610,2975.89707223451,1.97515349508005,0.356470814199662,5.54085612735116,3.00996440920855e-08,2.6129964107787e-06,5.58286118682073,Significantly upregulated
AT5G44005,74.5804776607178,-2.14958123615261,0.388028013759756,-5.53975785233771,3.02890165940473e-08,2.61936166108905e-06,5.58180453342988,Significantly downregulated
AT1G72600,3093.63281213462,1.87748711732284,0.339663617531916,5.5274896115314,3.24845456140331e-08,2.76723598171051e-06,5.55795380392925,Significantly upregulated
AT5G23660,1516.97819257355,-1.62237434578411,0.29351154081103,-5.52746355833631,3.24893684441666e-08,2.76723598171051e-06,5.55795380392925,Significantly downregulated
AT2G28270,86.62261625353,-2.28460220329291,0.414263478004367,-5.51485304545438,3.4907151136878e-08,2.93366839001957e-06,5.53258897860584,Significantly downregulated
AT5G13930,4523.21446274292,2.30585257170748,0.41804170455651,5.51584338733309,3.47111270293906e-08,2.93366839001957e-06,5.53258897860584,Significantly upregulated
AT4G23250,305.69905702757,1.55215969216048,0.282890441178338,5.48678734316787,4.09309381571173e-08,3.3352065167664e-06,5.47687726929909,Significantly upregulated
AT2G30400,80.1447145014582,-2.10933168049414,0.384674211094774,-5.48342368595761,4.1717228235507e-08,3.38704877159579e-06,5.47017854971426,Significantly downregulated
AT2G38540,4211.79852391288,1.64560420040505,0.300257602871767,5.48064123827649,4.23787050278228e-08,3.42842204725086e-06,5.46490572073081,Significantly upregulated
AT1G12064,195.192550671092,1.67126178809244,0.305085580632108,5.47800975919527,4.30136415152572e-08,3.46736036657454e-06,5.46000101929497,Significantly upregulated
AT5G06850,181.969339618525,-1.66957619622713,0.305286528186228,-5.46888264656301,4.52881465112585e-08,3.62481827980715e-06,5.44071376069442,Significantly downregulated
AT1G51790,210.214908796133,-1.52765443799729,0.279599703476057,-5.46371980729981,4.66259290233855e-08,3.71870616249765e-06,5.42960813652337,Significantly downregulated
AT2G23630,40.1952492487814,-2.15667580927635,0.394983147286197,-5.46017171642431,4.75674282557245e-08,3.76717341459634e-06,5.42398438742381,Significantly downregulated
AT5G55340,91.7730394865946,1.66936422421476,0.305957297909754,5.45620005020165,4.8643188128737e-08,3.82552403921158e-06,5.41730906462823,Significantly upregulated
AT2G45900,102.553682165513,1.65830795098122,0.304256421370676,5.45036303099384,5.02671040676571e-08,3.93950974274684e-06,5.40455782113572,Significantly upregulated
AT1G01070,150.95293595857,-1.56692063294099,0.287669702566911,-5.44694355700017,5.12427149668833e-08,3.98827351557766e-06,5.39921506544744,Significantly downregulated
AT5G19970,290.20053942281,-1.51444422996644,0.278395133602837,-5.43990913335061,5.33077533401439e-08,4.1347398647436e-06,5.38355180868948,Significantly downregulated
AT1G20160,1286.21617717439,-2.0446956498629,0.376097485206272,-5.43661079983421,5.43035758618959e-08,4.184812407113e-06,5.37832400538439,Significantly downregulated
AT4G31730,427.802865625397,-2.28984320519324,0.421300518886363,-5.4351777473383,5.4741835025066e-08,4.20264611683933e-06,5.37647717815408,Significantly downregulated
AT5G53190,178.250606824273,-1.79103907683959,0.329940817104272,-5.42836467630365,5.68727427762051e-08,4.32213696027517e-06,5.36430147527108,Significantly downregulated
AT4G18340,160.635243162324,-1.83458631648194,0.338031788533031,-5.42725973922027,5.72258217119672e-08,4.3343759122846e-06,5.3630734258378,Significantly downregulated
AT2G08770,6248.16535264057,1.67890568849379,0.311944087900329,5.38207247264845,7.36331057825513e-08,5.46701589019068e-06,5.26224966380515,Significantly upregulated
AT1G52000,192.482054809796,1.75528440007802,0.326940067375634,5.36882620159648,7.9250744582721e-08,5.86481493762818e-06,5.23174568735662,Significantly upregulated
AT2G40320,129.774215215484,-1.73838041787158,0.32397953909819,-5.3657105097144,8.06311771335788e-08,5.94747156562748e-06,5.22566762561194,Significantly downregulated
AT1G61750,59.9467843153902,-2.33927276240433,0.436826743872539,-5.3551500571286,8.5485442622632e-08,6.24431043830235e-06,5.20451551395519,Significantly downregulated
AT2G18196,194.938894715506,-1.69916224633008,0.317400222183912,-5.35337447037303,8.63289316210919e-08,6.28558166328924e-06,5.20165452681364,Significantly downregulated
AT4G32860,435.706230517395,-1.55251645919755,0.290270837260286,-5.34850994282075,8.86813050791777e-08,6.41546710558372e-06,5.19277171746642,Significantly downregulated
AT1G72970,3464.32595444425,1.60335546894331,0.299865502674325,5.34691538254291,8.94658156582189e-08,6.45154289208198e-06,5.19033641104115,Significantly upregulated
AT1G74458,155.955284993,-2.115424709396,0.396705014022857,-5.33248795608648,9.68761966693837e-08,6.85485603855265e-06,5.16400166156283,Significantly downregulated
AT1G10640,58.3086418098466,2.15127898585461,0.403937671076519,5.32576964193837,1.00526466561596e-07,7.05023953693416e-06,5.15179612729208,Significantly upregulated
AT4G32780,183.490597050134,-1.60544689382429,0.30159315549771,-5.32322058560934,1.01945996411764e-07,7.12391047990686e-06,5.147281546582,Significantly downregulated
AT4G37850,151.89825651112,-1.55118348561356,0.292136110699667,-5.30979714181335,1.09747319651674e-07,7.62186692879366e-06,5.1179386379038,Significantly downregulated
AT1G53520,130.47895329408,1.53697600124485,0.289588186151203,5.30745408392576,1.11166996593555e-07,7.69678000034701e-06,5.11369092684844,Significantly upregulated
AT1G26255,2340.08546601713,-1.53193596268153,0.288736067788145,-5.30566193000022,1.12264855798419e-07,7.74902159090552e-06,5.11075312904145,Significantly downregulated
AT5G25160,127.434687584094,-1.70702416539111,0.322013538078143,-5.30109440608943,1.15110541425391e-07,7.87321221367424e-06,5.10384804247572,Significantly downregulated
AT1G09090,343.578937066434,-1.53618782460078,0.290388470087943,-5.29011301356266,1.22240803640192e-07,8.28557711400234e-06,5.08167723634571,Significantly downregulated
AT2G42060,98.8681345481929,-1.51441916210024,0.286855118365911,-5.27938692789316,1.29616835826991e-07,8.70708809955662e-06,5.06012706126488,Significantly downregulated
AT3G21770,1133.2414141078,-1.7306195416573,0.32802585240813,-5.2758632557536,1.32132592091807e-07,8.82356430800054e-06,5.05435594473182,Significantly downregulated
AT5G20410,159.652729905233,1.87728719006524,0.359160077387883,5.22688157246892,1.72392840242146e-07,1.08993803840489e-05,4.96259819044811,Significantly upregulated
AT3G58810,233.808883450938,-1.58561970529158,0.303533008891185,-5.2238789813467,1.75213314904338e-07,1.10467590243179e-05,4.95676511965409,Significantly downregulated
AT2G15220,68.3488616651286,-1.58731886128114,0.304529394713545,-5.21236665108881,1.86446584072512e-07,1.16250990306648e-05,4.93460333880032,Significantly downregulated
AT4G15390,2884.86835208988,-1.5025136317634,0.288664510799876,-5.20505145436829,1.9394286031403e-07,1.1927750136643e-05,4.92344146709143,Significantly downregulated
AT4G37340,64.2463945319467,-1.87508144677717,0.360891052114671,-5.19569946605763,2.03951519348181e-07,1.24415939005616e-05,4.90512397833682,Significantly downregulated
AT5G61310,8184.76109782379,1.57950951528601,0.304781693234002,5.18242909712202,2.19014634119453e-07,1.32530276319308e-05,4.87768489654696,Significantly upregulated
AT1G04110,111.710933598031,1.61170745316118,0.312643012654034,5.15510466547566,2.53489300873234e-07,1.49777670419104e-05,4.82455292853651,Significantly upregulated
AT3G56980,151.02936972029,-1.65462441566857,0.322022025745854,-5.13823367155151,2.77332893040946e-07,1.63012518979875e-05,4.78777904151566,Significantly downregulated
AT1G05700,197.545450425413,-1.53181299878711,0.298617352514182,-5.12968515021029,2.90227190081849e-07,1.69269196572026e-05,4.77142206714773,Significantly downregulated
AT1G45010,224.959741773836,1.67202002324945,0.326401950705744,5.12257975062411,3.01383557776913e-07,1.72366450062099e-05,4.76354726270409,Significantly upregulated
AT1G54010,16116.615068564,1.67827712697914,0.327644087434871,5.12225671495674,3.0190048276935e-07,1.72366450062099e-05,4.76354726270409,Significantly upregulated
AT5G07650,66.2942675639973,-1.89525178325374,0.370026273715046,-5.12193840784736,3.02410678412969e-07,1.72366450062099e-05,4.76354726270409,Significantly downregulated
AT3G27400,162.351883473871,1.69131989968385,0.33040092264595,5.11899266545398,3.07171906035363e-07,1.74639221438896e-05,4.75785821342778,Significantly upregulated
AT3G06880,234.674543394523,1.82401932060694,0.35668023340017,5.11387834200647,3.15610668205907e-07,1.7898614050441e-05,4.74718059659268,Significantly upregulated
AT5G58860,40.9006445726806,-2.57377835241947,0.503671649112237,-5.11003221435229,3.221038855769e-07,1.81755170033905e-05,4.74051322676735,Significantly downregulated
AT1G65900,75.7139834764337,1.75224793853426,0.343441456316889,5.10202803507066,3.36032957061619e-07,1.8773762063955e-05,4.72644869062305,Significantly upregulated
AT1G56650,31.7469961415535,2.79524148123753,0.548023354001733,5.10058825199024,3.3859945280043e-07,1.8870440121379e-05,4.72421797052626,Significantly upregulated
AT4G31870,137.542765126096,-1.52336123970571,0.299355200246155,-5.08880834023621,3.60320545809745e-07,1.98939062281878e-05,4.70127993347766,Significantly downregulated
AT5G45960,130.191016994884,1.51691206832852,0.298359934391116,5.08416812540259,3.6924076851859e-07,2.02284790927988e-05,4.69403676905497,Significantly upregulated
AT3G52720,220.138103152682,1.72853186750621,0.34303225363636,5.03897767391454,4.68025070729579e-07,2.43967525899246e-05,4.61266797801109,Significantly upregulated
AT3G26610,192.249465702897,-1.70208198307478,0.338735577676714,-5.02481019191681,5.03930684320686e-07,2.59685376159868e-05,4.58555250640418,Significantly downregulated
AT1G73260,2220.86166086391,-1.66352082860667,0.332361572192781,-5.00515392808942,5.58174092561206e-07,2.82478642224192e-05,4.54901438294127,Significantly downregulated
AT5G14940,88.4477754931959,-2.1455908137734,0.430359228290695,-4.98558105119596,6.17758750547847e-07,3.08483025633085e-05,4.51076872815165,Significantly downregulated
AT4G18290,155.315430149139,2.26585381611866,0.454538428415011,4.98495545034501,6.19760911550745e-07,3.08799636525648e-05,4.51032321952477,Significantly upregulated
AT4G11320,2813.0340329999,-1.87628210845535,0.376434755589783,-4.98434876321572,6.21708514188483e-07,3.09087728496657e-05,4.50991823709775,Significantly downregulated
AT1G68880,93.3284129975615,-2.14628038069911,0.43078514733072,-4.98225250800343,6.284834742873e-07,3.11769241717333e-05,4.50616673331444,Significantly downregulated
AT5G50335,196.520461984601,1.5635174642464,0.314736236711808,4.96770718421615,6.77491588414429e-07,3.3242744874135e-05,4.47830312344167,Significantly upregulated
AT5G52790,284.576858804447,-1.79747119046855,0.362704476729504,-4.95574580902971,7.20533649927539e-07,3.49745484140096e-05,4.45624788434349,Significantly downregulated
AT3G52820,75.1514669298501,-1.62072529741115,0.32772164893776,-4.94543251159752,7.59749889900181e-07,3.66416982156773e-05,4.43602440649418,Significantly downregulated
AT1G45201,387.901173063447,1.58464068047084,0.321080940302825,4.93533088253788,8.00149889437384e-07,3.83443379076246e-05,4.41629875680027,Significantly upregulated
AT1G55240,38.8701406254345,-3.10848740415923,0.63013360010758,-4.93306086777238,8.09509148120436e-07,3.86288181442418e-05,4.41308857897105,Significantly downregulated
AT2G28900,558.008758588203,1.63404520930902,0.331711023690832,4.92611065839047,8.38825046953229e-07,3.98109750101886e-05,4.39999718598386,Significantly upregulated
AT1G76410,351.379462899008,-1.67716117881047,0.341178410844145,-4.91578929235536,8.84254654499738e-07,4.14937875399451e-05,4.38201692109721,Significantly downregulated
AT3G54400,2693.12236686102,1.6286986944653,0.331826588358039,4.90828267416576,9.18773651599113e-07,4.24082619432384e-05,4.37254952626532,Significantly upregulated
AT1G68600,28.9091393009483,2.29847705342631,0.469978935811635,4.89059589331793,1.00531167528117e-06,4.56557139291172e-05,4.3405048616654,Significantly upregulated
AT5G28080,164.371014517541,-1.63196625150027,0.334454575024777,-4.87948550675191,1.0636293884221e-06,4.77279899126742e-05,4.32122685577028,Significantly downregulated
AT5G60520,31.7977160068155,-2.20510502596396,0.452019625138737,-4.87833913248159,1.06982866061006e-06,4.78160449477814e-05,4.32042634893102,Significantly downregulated
AT1G80130,110.811103111806,2.25637869366829,0.462804305343921,4.87544879685491,1.08561353862355e-06,4.82822930090405e-05,4.31621211269387,Significantly upregulated
AT3G15240,97.012204583472,-1.5655418215611,0.322233833372169,-4.85840299628921,1.18336360520092e-06,5.18634950155146e-05,4.28513822002314,Significantly downregulated
AT3G27884,183.895351965638,-2.17728706282197,0.449467242305835,-4.84415071419255,1.27154388926528e-06,5.51113428507264e-05,4.25875900676521,Significantly downregulated
AT4G39675,1681.26899576612,-1.6631956049721,0.343814479027593,-4.83747982247898,1.31495728761345e-06,5.67493325788206e-05,4.24603924178312,Significantly downregulated
AT3G03670,30.3283060924977,-4.14366785016362,0.858123622721119,-4.82875397023101,1.37390028398886e-06,5.8843080284464e-05,4.23030460114623,Significantly downregulated
AT2G27430,52.9354002610509,-1.77326470253264,0.367362762449493,-4.82701265285819,1.38596319242916e-06,5.92473015460578e-05,4.22733142507051,Significantly downregulated
AT1G03010,38.4964676421988,-2.06546637114687,0.428469709662983,-4.82056566559041,1.43151725348811e-06,6.06205927363606e-05,4.21737982150069,Significantly downregulated
AT1G73270,54.5575165849761,-1.6764771579825,0.348088515247051,-4.81623806747155,1.46289977033256e-06,6.16028185003287e-05,4.21039941720023,Significantly downregulated
AT5G64110,250.322209645508,-1.5790583771931,0.328111698855493,-4.81256347366189,1.49006524604618e-06,6.19378686344536e-05,4.20804374338062,Significantly downregulated
AT1G73610,32.2551869680836,-2.54025324997296,0.530028315543457,-4.79267460903169,1.64572429456864e-06,6.62132674736341e-05,4.17905498014836,Significantly downregulated
AT1G02580,49.4871230364747,-1.72478550429008,0.360684893873847,-4.78197322256955,1.73582806054044e-06,6.94669772242168e-05,4.15822159854042,Significantly downregulated
AT1G77885,339.810578795425,-1.83856192998605,0.384961918670068,-4.77595793458675,1.78853780564563e-06,7.10723359352597e-05,4.1482994103614,Significantly downregulated
AT1G30720,660.749649522905,-1.69274336958144,0.355046412573812,-4.76766785871842,1.86370700057121e-06,7.36203192410053e-05,4.13300230364694,Significantly downregulated
AT5G44610,4398.72540682064,-1.90087995211468,0.399917894902127,-4.75317553014198,2.00246353568734e-06,7.84680633055537e-05,4.10530706621441,Significantly downregulated
AT1G64780,537.568686234235,-2.00565131507247,0.422215455928461,-4.75030292451517,2.03112155425796e-06,7.91786607964704e-05,4.10139184804506,Significantly downregulated
AT5G43750,394.86509464475,1.50078327858304,0.317233326523387,4.73084998676015,2.2358170081323e-06,8.62643174197505e-05,4.06416880975775,Significantly upregulated
AT3G13950,50.2059396543432,-1.93202892422545,0.409337646961869,-4.71989062956973,2.3597148410864e-06,8.99681143212182e-05,4.04591138198243,Significantly downregulated
AT3G51240,493.76315043158,3.45706977846763,0.733112896428429,4.71560355207192,2.40995285262842e-06,9.15741512401953e-05,4.03822709792586,Significantly upregulated
AT4G04630,42.7680005802227,-1.95368060713242,0.414868463983586,-4.70915670083257,2.48743786530575e-06,9.40434841839466e-05,4.02667128922563,Significantly downregulated
AT2G36950,2204.94734028466,-1.66034531016117,0.353058847322586,-4.70274381382129,2.56688414679073e-06,9.6884852971929e-05,4.01374411546633,Significantly downregulated
AT2G46750,120.386083211574,-1.55438991936911,0.331292000472492,-4.69190296521565,2.70675508372223e-06,0.000101485330555971,3.99359672936671,Significantly downregulated
AT1G48100,82.816959922111,1.7313309585811,0.369431392566575,4.68647492719261,2.77950852676622e-06,0.000103868024764305,3.9835181271846,Significantly upregulated
AT1G55610,196.598246492825,-1.69010933542306,0.362708844157378,-4.65968603370951,3.16692062560055e-06,0.000116228561691756,3.93468713648172,Significantly downregulated
AT1G63570,41.1229979664336,-2.37526858984864,0.511407357969958,-4.64457257571992,3.40781239093837e-06,0.000122697747151512,3.91116341126361,Significantly downregulated
AT2G26150,118.669825321541,1.58734505106299,0.342003389714234,4.64131379630277,3.46200910608815e-06,0.000124230536619262,3.90577163881981,Significantly upregulated
AT5G48300,2210.85883429553,1.62524843883968,0.350158248703949,4.64146837852672,3.45941968461257e-06,0.000124230536619262,3.90577163881981,Significantly upregulated
AT5G43180,176.31344096859,-1.85897810337196,0.400832972606812,-4.63778738381256,3.52158768314629e-06,0.000125768600627049,3.90042777126371,Significantly downregulated
AT5G52120,57.6000448910112,-1.74505672734508,0.37695960521664,-4.62929370467212,3.66915050615428e-06,0.000130419521377021,3.88465739793089,Significantly downregulated
AT4G31760,60.5878309372903,1.57635425045592,0.341911676017679,4.61041362733225,4.01868583266802e-06,0.000140194370833307,3.85326942406631,Significantly upregulated
AT2G22860,168.090493731016,-1.66859388531333,0.362221159395223,-4.60656105264328,4.09382903180502e-06,0.000142156638579802,3.84723285436077,Significantly downregulated
AT4G37770,142.58115887219,2.26005533292412,0.491733370433512,4.596099164333,4.30473888019402e-06,0.000148339330175358,3.82874368637184,Significantly upregulated
AT5G02640,63.5271349350439,-1.53989876805182,0.335482253618488,-4.59010499495154,4.43023102449401e-06,0.00015196769673838,3.81824871876066,Significantly downregulated
AT4G37220,276.332997081709,-2.07529497950954,0.453180994107593,-4.57939544352743,4.66321824169756e-06,0.000158275938245648,3.8005851033399,Significantly downregulated
AT5G44110,158.367998209039,1.53530326163468,0.335402966565418,4.577488617219,4.70591387960319e-06,0.000159485258523309,3.797279453283,Significantly upregulated
AT2G24560,62.1845859830962,1.8836337173142,0.411607860528523,4.57628218007189,4.73312027167687e-06,0.000160056466975814,3.7957267737837,Significantly upregulated
AT2G39855,35.1698919791182,-2.152762223292,0.471613240725557,-4.5646772342101,5.00263412901043e-06,0.000168027462687343,3.77461973066198,Significantly downregulated
AT4G37160,48.9528012858455,-1.93589147300189,0.42583037648082,-4.54615635690585,5.46344559775044e-06,0.000180549678750842,3.7434032799697,Significantly downregulated
AT4G39510,59.4353765469027,1.76954968274875,0.390470290291877,4.53184205493844,5.84715627853791e-06,0.000190717000524392,3.71961059219336,Significantly upregulated
AT1G10340,51.9537489935718,-1.55642059764413,0.343762275875173,-4.52760732305976,5.96553049421745e-06,0.000194297242113971,3.71153336380158,Significantly downregulated
AT3G51238,300.595300816789,3.5582835507681,0.78639086439308,4.52482818898756,6.04445890770841e-06,0.000196584268020009,3.70645124024486,Significantly upregulated
AT5G23980,750.580212021883,-1.83561787423882,0.406122435812267,-4.51986325396549,6.18795875658104e-06,0.000200961751215526,3.69688659340903,Significantly downregulated
AT1G01640,291.285255857896,-1.52524399930405,0.337628802711183,-4.51751742462798,6.25688806528968e-06,0.000202617246085586,3.69332359174455,Significantly downregulated
AT4G08870,108.099112950802,1.95860627220113,0.435999070793004,4.49222579451552,7.048263728338e-06,0.000224065296637066,3.64962540203747,Significantly upregulated
AT3G16220,69.8536191475435,-1.53864747918983,0.34285528120995,-4.48774618188725,7.19806127806553e-06,0.000227864573782913,3.64232318954767,Significantly downregulated
AT2G21590,120.709589733695,1.70661633239103,0.381095450938787,4.47818605073078,7.52799796384792e-06,0.000236979696013963,3.62528886195123,Significantly upregulated
AT3G27150,113.581139130462,-1.89663122189681,0.423620106143272,-4.47719830667187,7.5628992852716e-06,0.000237746796334074,3.62388532652013,Significantly downregulated
AT4G04990,28.7768904412487,-2.10812495608821,0.471878394087685,-4.46751744199689,7.91325611586067e-06,0.000246699038385485,3.60783254335457,Significantly downregulated
AT4G28680,58.3766849434556,2.45696400434121,0.554689629621222,4.42943922715661,9.44784312414277e-06,0.00028508992935164,3.54501812363849,Significantly upregulated
AT4G13300,42.3734552385177,-1.83892452499999,0.415727630516083,-4.42338779050397,9.71651074531053e-06,0.000290863878027061,3.53631020982063,Significantly downregulated
AT4G12550,983.990655102973,-1.60028166091574,0.362272016958591,-4.41734825215235,9.99191725892756e-06,0.000298712005895701,3.52474732179002,Significantly downregulated
AT4G14630,166.986321837836,-1.99929308268601,0.45303242362502,-4.41313464208215,1.01884588656235e-05,0.000302480918772434,3.51930201649321,Significantly downregulated
AT1G77870,81.7957485846274,1.71749262654755,0.38936484969806,4.41101097821083,1.02889100892445e-05,0.000304765078247162,3.51603479846579,Significantly upregulated
AT5G20820,109.980053389589,-1.58898770860396,0.360310751817348,-4.41004799493039,1.03347711089826e-05,0.000305322144896394,3.51524169534914,Significantly downregulated
AT5G59680,181.110543182949,-1.56782199788954,0.355655279800478,-4.40826296398323,1.04202980464986e-05,0.000307446466937935,3.5122304933436,Significantly downregulated
AT2G30840,108.876640162411,-1.50382181669514,0.342414387517859,-4.3918184267789,1.12406556508649e-05,0.000328218420046146,3.48383704942578,Significantly downregulated
AT5G54230,154.046698500174,-1.51431127499329,0.346047448169537,-4.37602208310863,1.20864774622479e-05,0.000348854070077236,3.45735620574554,Significantly downregulated
AT4G00780,87.650984805319,-1.60820168583256,0.36763856640858,-4.37440963156533,1.21761549702026e-05,0.000350545910500564,3.45525509504018,Significantly downregulated
AT5G01550,37.7690058641647,-1.80138900885709,0.413271418742342,-4.35885214210806,1.3074640779437e-05,0.000370738337980746,3.43093250133874,Significantly downregulated
AT1G74930,103.576985034165,1.93250618196782,0.444077679935107,4.35173004473051,1.35067503471377e-05,0.00038012576319856,3.42007269489098,Significantly upregulated
AT2G20670,1145.80153148526,-1.6163465730715,0.372286549605177,-4.3416733018845,1.41401681439573e-05,0.00039499719700156,3.40340598622436,Significantly downregulated
AT5G46690,63.5018704860487,1.79685464558699,0.414764586818729,4.33222773277001,1.47608143906799e-05,0.000408793057192683,3.38849648872587,Significantly upregulated
AT2G48140,98.2921063694315,-1.86391393917763,0.431360872986585,-4.32100836191416,1.55317787141805e-05,0.000424930639221537,3.37168195338893,Significantly downregulated
AT3G56970,60.5881011517552,-1.65512964343873,0.383446101181876,-4.31645970147359,1.58551610693338e-05,0.000430646017443963,3.36587956472578,Significantly downregulated
AT2G23910,87.677005134954,1.60442859138598,0.372615632352273,4.30585421566304,1.6634258303038e-05,0.000443796506096775,3.35281612118662,Significantly upregulated
AT1G48750,1007.32328254584,-1.80103608715792,0.418612653765262,-4.3023928468437,1.68963389820276e-05,0.000449154641694925,3.34760410783405,Significantly downregulated
AT2G41090,141.350819022643,1.50652449995443,0.351534532854201,4.28556616535669,1.82274386939482e-05,0.000478701873247971,3.319934873041,Significantly upregulated
AT1G74460,37.8892666130123,-1.97870614272002,0.463328181181096,-4.27063628565823,1.94916065949335e-05,0.000506265883146425,3.29562133838539,Significantly downregulated
AT2G24710,35.5272311275691,-2.1686320175301,0.50880388650931,-4.26221590485123,2.0240973906509e-05,0.000521942545922794,3.28237730037316,Significantly downregulated
AT4G37800,639.573107542293,1.53215229447402,0.361571890302376,4.23747624073516,2.26046331391147e-05,0.00057326873548647,3.24164174281621,Significantly upregulated
AT4G14650,111.175430815336,-1.52750947115363,0.361998745203994,-4.21965404960962,2.44677486693478e-05,0.000610233762669447,3.21450376762872,Significantly downregulated
AT4G13310,290.032134189142,-2.08619982456264,0.49482708057293,-4.21601789082999,2.48654042133852e-05,0.000618783945424825,3.20846096275525,Significantly downregulated
AT4G01600,53.1212076910538,-1.55808187320841,0.369652025211005,-4.21499617733468,2.49782420002356e-05,0.00061969260117535,3.20782368908172,Significantly downregulated
AT5G05790,175.728876064249,-1.60545189317545,0.38198269698917,-4.20294402293559,2.63465759026552e-05,0.000647235885026644,3.18893741191956,Significantly downregulated
AT2G03750,91.0248146294783,1.5899251050145,0.378679557243433,4.19860294700942,2.6856675281298e-05,0.000656041144777249,3.18306892222592,Significantly upregulated
AT1G09687,16947.0289420327,1.60330764794606,0.382077457921493,4.19628956041553,2.71323324341029e-05,0.000661343277937511,3.17957305637593,Significantly upregulated
AT5G10230,31.7793486858241,-2.00232554660767,0.480036971332512,-4.17119027530215,3.0301270676879e-05,0.00073069442355538,3.1362642070497,Significantly downregulated
AT2G30424,35.3279969816789,1.67784961592251,0.403205496723883,4.16127664318899,3.16473431616644e-05,0.000759099024975481,3.11970156640331,Significantly upregulated
AT3G15370,46.9964632036244,-1.73762454369544,0.418528091894166,-4.15175128587267,3.29940722089404e-05,0.00078555823188607,3.1048216160353,Significantly downregulated
AT5G12330,80.3015337298495,-1.56665173193508,0.377346891310774,-4.15175470637392,3.29935789768475e-05,0.00078555823188607,3.1048216160353,Significantly downregulated
AT1G35625,33.814211355802,-1.70789717302515,0.411786819359181,-4.14752753787255,3.36085055971161e-05,0.000796825188899694,3.09863694563452,Significantly downregulated
AT5G24070,23.8408221611817,-2.0565179222802,0.498318460542152,-4.12691498533446,3.67662234636186e-05,0.000855515907007562,3.0677719110073,Significantly downregulated
AT1G18860,97.2261210854164,-1.50762869977149,0.3655688194907,-4.1240626098032,3.72247636307635e-05,0.00086440343612136,3.06328351540566,Significantly downregulated
AT2G20160,21.6731755086278,-2.69117592469324,0.652924513090736,-4.1217259740396,3.76044351138685e-05,0.000872322410025824,3.0593229703242,Significantly downregulated
AT3G03820,160.922097278171,1.77848512879775,0.433280275525703,4.10469903491429,4.04841589527983e-05,0.000924866347898391,3.0339210224653,Significantly upregulated
AT1G49310,146.31151328,-1.50402522374215,0.367227720537563,-4.09562007339885,4.21039932525506e-05,0.000952233699101523,3.02125645311265,Significantly downregulated
AT4G04840,58.4203827532687,2.46094007343721,0.60203747392932,4.08768586675409,4.35697571955578e-05,0.00098145008948197,3.00813178104993,Significantly upregulated
AT5G50300,51.7356737746274,-1.55834758500902,0.383437154633984,-4.0641538415769,4.82070236782812e-05,0.0010677926706992,2.97151306445378,Significantly downregulated
AT3G21730,47.0439318147094,1.82564524528071,0.450649999160372,4.05113779802986,5.09691782132498e-05,0.00111909077962185,2.951134682471,Significantly upregulated
AT3G23730,1574.35051594441,1.50911550526305,0.373221525923899,4.04348463429935,5.26626090356638e-05,0.00114845193096035,2.93988717770496,Significantly upregulated
AT1G28570,181.621595836471,1.96391712146791,0.487236394254713,4.03072747566807,5.56044853707832e-05,0.00120100367397507,2.92045566405033,Significantly upregulated
AT4G11460,45.1624634812756,1.58398204683356,0.393228252304709,4.02814914124264,5.62176788443905e-05,0.00121077216526406,2.91693757170223,Significantly upregulated
AT2G46790,36.6620288555028,-1.82805850147692,0.454154429780425,-4.02519139218956,5.69289946886709e-05,0.00122375651344571,2.91230498364968,Significantly downregulated
AT1G52100,3069.04046056027,1.58816825919227,0.395793090187891,4.01262250040376,6.00478997269599e-05,0.0012724084511828,2.89537345502375,Significantly upregulated
AT1G49470,456.264855172622,-1.62601336207159,0.406681173573583,-3.99825088479881,6.38122939799029e-05,0.00134231806842534,2.87214456390265,Significantly downregulated
AT1G11080,31.1496612044492,-2.27091541339645,0.570447467638149,-3.98093697005762,6.8644151052987e-05,0.00142667323519058,2.84567548617346,Significantly downregulated
AT3G14210,118.212194010951,2.25913207935886,0.567661551900547,3.97971656138278,6.8997482064605e-05,0.00143006626967879,2.84464383673847,Significantly upregulated
AT1G06090,43.8820780194171,-1.76675988392953,0.444654518118417,-3.97333168097714,7.08742475392708e-05,0.00146152239951866,2.83519452419104,Significantly downregulated
AT4G19920,49.2732019367839,-1.50155717702128,0.377974323897924,-3.97264333073268,7.10794397477152e-05,0.00146380842568037,2.83451575737188,Significantly downregulated
AT5G07475,21.5684792758626,-2.22844073509387,0.565558843288418,-3.94024558459151,8.13982363593947e-05,0.00161728837400343,2.79121253539834,Significantly downregulated
AT5G17780,63.5789325007372,2.14164651230942,0.544428408790696,3.93375231293776,8.36299629652757e-05,0.00165001039693115,2.78251331923118,Significantly upregulated
AT5G39150,575.899902936455,1.86523201038644,0.475845988429778,3.91982291695142,8.86140559502935e-05,0.00172516011981691,2.76317058990914,Significantly upregulated
AT5G14130,52.8700013791032,-1.74805721796964,0.446296570235758,-3.91680630000409,8.97297879264961e-05,0.00174143683859754,2.75909227265335,Significantly downregulated
AT1G34670,19.4807240781577,-2.46224130922539,0.630100436124678,-3.90769656400966,9.3180226995951e-05,0.00179758196882531,2.74531129688563,Significantly downregulated
AT1G67105,1695.01564196155,-1.62856768941829,0.417020633796135,-3.90524486664714,9.41300224384492e-05,0.00180971783343972,2.74238913393354,Significantly downregulated
AT5G46350,34.019135909953,-1.57820234674689,0.404434758072879,-3.90224211753456,9.53057543883301e-05,0.00182610032453226,2.73847536634505,Significantly downregulated
AT3G49780,537.230218469173,-1.54251020185224,0.395468141309021,-3.9004664111411,9.6007546229568e-05,0.00183177475300302,2.73712793107325,Significantly downregulated
AT2G23540,41.0968650211608,-2.37281672223663,0.608691861959104,-3.89822317420116,9.69010916457631e-05,0.00184153889938843,2.73481910297724,Significantly downregulated
AT5G14020,41.3338648169537,-1.51290717451881,0.390198093393686,-3.8772797718219,0.000105630868280968,0.00196391625038694,2.70687703628956,Significantly downregulated
AT1G22065,49.5517314151336,-1.72473832032885,0.445065171277757,-3.87524891102403,0.000106515763051713,0.00197322961247916,2.70482237565476,Significantly downregulated
AT1G58320,49.757123428945,-1.60653382834282,0.41457574043657,-3.8751274414925,0.000106568911329232,0.00197322961247916,2.70482237565476,Significantly downregulated
AT5G53048,105.414922960777,1.74770440928698,0.451827740850731,3.86807681616956,0.000109697111116965,0.00201955423737441,2.69474447887621,Significantly upregulated
AT1G72360,275.416892389968,-1.51078080168469,0.390870584732368,-3.86516883259233,0.000111012382107783,0.00203381532187886,2.69168848520397,Significantly downregulated
AT2G26695,53.4658054013747,-1.67318898079706,0.43421268887577,-3.85338573391108,0.000116495642670762,0.00211298603279215,2.67510337370081,Significantly downregulated
AT3G28917,28.2125108398504,-1.8896885456905,0.491149388913294,-3.84748222912703,0.000119337930455824,0.00214627603850073,2.66831442296273,Significantly downregulated
AT2G23050,40.7651392798178,-1.551105498764,0.405506811020627,-3.82510344243047,0.000130717188929534,0.00231706736749006,2.6350613391475,Significantly downregulated
AT2G27420,48.7264190689583,1.54157657017047,0.404410355340632,3.81191171247832,0.000137896134049163,0.00241837889792049,2.61647565534259,Significantly upregulated
AT4G23350,18.759952435432,-3.0052028080074,0.792318701493835,-3.79292171488746,0.000148885104718448,0.00257508482651347,2.58920846018398,Significantly downregulated
AT5G51105,33.9876681127779,-1.8781350200911,0.495818337499004,-3.78794989625584,0.00015189547049278,0.00261313465281443,2.58283821083618,Significantly downregulated
AT3G22740,28.5013084290524,-1.84731021622391,0.490032470347501,-3.76977104173098,0.000163397375003995,0.00277923297001897,2.55607504683438,Significantly downregulated
AT3G05730,694.187754696299,1.62625908303271,0.432752288025157,3.75794450551392,0.000171314861750569,0.00288133214945759,2.54040667495043,Significantly upregulated
AT2G12646,37.2018350097299,-1.7283438859915,0.461634210804975,-3.74396837482582,0.000181136462426223,0.00300399051684224,2.52230144266973,Significantly downregulated
AT5G63560,20.3154280650004,-2.40063856098929,0.642325052258785,-3.73742009991244,0.000185918143119281,0.00306527275993082,2.51353087420845,Significantly downregulated
AT5G05270,357.520744305517,3.26673023784727,0.876655057885027,3.72635760036383,0.000194266741081027,0.00317655496729598,2.49804362520617,Significantly upregulated
AT1G30100,64.6433677377738,1.55236861953823,0.417750575255116,3.71601790994595,0.000202387242698857,0.0032745572748418,2.48484740898225,Significantly upregulated
AT1G16150,34.6314000149708,-1.68946431376982,0.4548258930003,-3.71452975692548,0.000203581913953127,0.00328376274353183,2.48362822880509,Significantly downregulated
AT5G10530,55.3005400487341,-1.60724210705924,0.433106098789628,-3.7109662310249,0.000206469648594478,0.00332161542296932,2.47865065164101,Significantly downregulated
AT2G05400,8.76954261832594,-3.98782101094965,1.07836584759155,-3.6980223547103,0.000217285757271563,0.00345864374286069,2.46109417012728,Significantly downregulated
AT5G09480,24.8997073583847,-2.28881293289755,0.619955336902544,-3.6918997170555,0.000222585234363447,0.00352806975057399,2.45246283737527,Significantly downregulated
AT2G28710,24.2592610611207,-2.03128095383982,0.550341472319148,-3.69094654138995,0.000223421094468412,0.00353139882580289,2.45205323172485,Significantly downregulated
AT4G36280,22.3252893036514,1.84477526665097,0.500300655689521,3.68733329783164,0.000226616455160399,0.00356940684537709,2.44740394780445,Significantly upregulated
AT3G61210,35.0360300795184,-1.87602903972787,0.508890541742524,-3.68650797341221,0.000227352321826242,0.00357102940566466,2.44720657359178,Significantly downregulated
AT1G45191,30.3150552585208,1.53127923047802,0.416426569717209,3.67718906965493,0.000235818253657306,0.00367332905679714,2.43494016581474,Significantly upregulated
AT2G24850,34.0921256056596,2.52736776358254,0.688555932822662,3.67053371136005,0.000242044542857356,0.00374447387034502,2.42660919565688,Significantly upregulated
AT1G22990,9.81124141899393,-3.72245192192946,1.01474908719348,-3.66834714995876,0.0002441235699614,0.00376245770189436,2.42452837377342,Significantly downregulated
AT4G24890,32.7287082849376,1.75863346354636,0.479618251397777,3.66673590594412,0.000245666281186179,0.003777202747039,2.42282970313725,Significantly upregulated
AT4G38080,201.632862022466,-1.72836896056137,0.472544387724168,-3.65758012466387,0.000254607680735226,0.00389129905915913,2.40990539095118,Significantly downregulated
AT4G33905,39.6787406282843,2.08444129088119,0.570624355236107,3.65291329007279,0.00025928180546509,0.00394622362181561,2.40381830809325,Significantly upregulated
AT5G47240,149.486211770407,-1.88322244102224,0.515640680162347,-3.6521991252306,0.000260004144474405,0.0039520532534355,2.40317721197982,Significantly downregulated
AT2G05180,31.2933983710677,-1.67456546847157,0.461635235065648,-3.62746458951175,0.000286218013592142,0.00427263676242609,2.36930402709374,Significantly downregulated
AT3G25240,21.4262023115668,3.00787859966553,0.833838000743582,3.60726975381696,0.000309435914342847,0.00454114305762835,2.34283481649587,Significantly upregulated
AT4G26150,29.8808613294498,1.56895866869296,0.435462454020937,3.60297117284313,0.000314600430120132,0.00459899372295434,2.33733718318268,Significantly upregulated
AT1G07167,33.185039013397,1.51676257483011,0.42233020559929,3.59141390959193,0.000328888820957976,0.00475550901847692,2.32280299038078,Significantly upregulated
AT5G16350,167.844109886795,1.79473187057442,0.500733867694082,3.58420307945076,0.000338108948153839,0.00486080068075179,2.31329218699466,Significantly upregulated
AT5G14070,37.7057582996094,-1.51959087667385,0.426039788865889,-3.56678159267467,0.000361392438436713,0.00511206615220738,2.29140353486672,Significantly downregulated
AT3G60140,167.36503324692,-1.89160516349784,0.530565674930137,-3.56526110315545,0.000363494131547676,0.00513418400698536,2.28952857045493,Significantly downregulated
AT1G55550,24.997086650184,1.648718821898,0.464531234213492,3.54920982803122,0.000386389055914994,0.00538677416989335,2.26867123103006,Significantly upregulated
AT1G43000,28.3982157375057,1.69000512363347,0.476973780276477,3.54318244213311,0.000395329107281002,0.00547757721328392,2.26141149180162,Significantly upregulated
AT2G05510,172.862350343993,-1.81327519507399,0.512032594178701,-3.54132767266989,0.000398118825364744,0.005502718926704,2.25942266994352,Significantly downregulated
AT5G48100,24.7895908602135,-2.05760569805145,0.582359876299802,-3.53322023338053,0.000410530332253697,0.00565349611305564,2.2476829020848,Significantly downregulated
AT5G17040,26.4189020156587,1.77657658129378,0.504840408914832,3.51908553658092,0.000433037066428004,0.00590222199658603,2.22898445968202,Significantly upregulated
AT4G28140,44.9548310328476,-1.98861248919523,0.568882256403184,-3.49564864576447,0.000472910964301149,0.00632873230632331,2.19868327379067,Significantly downregulated
AT5G55620,185.791281596762,1.55590504275706,0.445441547971665,3.49294997254283,0.000477715996530833,0.00638019393946593,2.19516611978045,Significantly upregulated
AT2G18800,31.176356371361,-1.8320618821906,0.525035280940583,-3.48940718594857,0.00048409313469063,0.00644629270979481,2.19068997816553,Significantly downregulated
AT2G01770,21.6973896704805,2.1421004737029,0.616213486825387,3.47623107819108,0.000508513930434006,0.00671208650516138,2.17314245496956,Significantly upregulated
AT3G02673,8.09808647089226,-4.43075974095185,1.27551952392533,-3.47369025549406,0.000513353273650761,0.00676804716096456,2.16953662371677,Significantly downregulated
AT2G28970,34.5903625214114,-1.6152626830722,0.465402435424886,-3.47067948107653,0.000519143269355004,0.00681651118825585,2.16643784812485,Significantly downregulated
AT4G31710,37.0085820494601,-1.99111064902865,0.574109884385414,-3.46816995000902,0.000524015777402788,0.00686053370751643,2.16364209752746,Significantly downregulated
AT5G14470,18.2592956528445,-2.07726796797216,0.599786743175437,-3.46334424961534,0.000533505357425635,0.00696457456475073,2.15710540757085,Significantly downregulated
AT1G80760,23.1295287004276,-1.70538178389301,0.492775988983623,-3.46076477348348,0.000538643247892379,0.00700960878436636,2.15430621991238,Significantly downregulated
AT4G01240,21.7888022084228,-1.72198351554899,0.498280596466503,-3.45585103606328,0.000548558389141216,0.00709542200647931,2.14902176939115,Significantly downregulated
AT4G16008,118.265528284634,-1.98404046412411,0.574842860195889,-3.45144838964863,0.0005575863850011,0.00717656855006408,2.14408316244244,Significantly downregulated
AT4G18510,174.357059528985,-1.68799312924197,0.489067280401873,-3.45145381194777,0.000557575181498102,0.00717656855006408,2.14408316244244,Significantly downregulated
AT5G13580,72.9223774374302,-1.6300388399306,0.47305700820502,-3.44575561012332,0.000569465114696457,0.0072989194229493,2.13674143075446,Significantly downregulated
AT5G28650,25.9410402505319,-1.54609199370385,0.448755322793024,-3.44528948220842,0.000570448116847756,0.0073058551582756,2.13632894211386,Significantly downregulated
AT5G45475,47.9384965282898,-2.13078459925295,0.618480629333574,-3.44519213406719,0.000570653610563993,0.0073058551582756,2.13632894211386,Significantly downregulated
AT1G51470,27.8649254682701,-1.89161169367742,0.551832281310594,-3.4278742975762,0.000608327064642658,0.00770946107582786,2.11297597992239,Significantly downregulated
AT1G67865,14.6770829399763,-2.65517305990865,0.777139490814385,-3.41659778108332,0.000634088878224243,0.00793789244059866,2.10029479013167,Significantly downregulated
AT3G20840,23.5892109462657,-1.70522657920638,0.50245902222361,-3.39376248367474,0.000689394563855367,0.00842665694235082,2.07434468628247,Significantly downregulated
AT2G26580,85.8960942387535,1.60138426118654,0.472980595061904,3.38572930455414,0.00070989372313697,0.00862843900103638,2.06406776680577,Significantly upregulated
AT2G24140,21.1144917856858,-1.78715081790196,0.531620977211388,-3.36170108876524,0.000774639297135715,0.00928538692280947,2.03219999446163,Significantly downregulated
AT3G17609,117.934448385884,1.82637115895873,0.545575831990594,3.34760275632996,0.000815137621744918,0.0096918830197875,2.01359183640075,Significantly upregulated
AT5G59260,52.3112371004655,-1.5831647879739,0.473501968396894,-3.34352313958465,0.000827217949502299,0.00980259027868046,2.00865914929787,Significantly downregulated
AT1G14455,24.3888320298877,-1.71903041515029,0.51457920492356,-3.34065270944178,0.00083581701439663,0.00989780998528139,2.00446088787947,Significantly downregulated
AT1G20700,40.443543503621,-1.63205480244417,0.488923086764905,-3.33806041609348,0.000843654033836798,0.00995405917288571,2.00199978187798,Significantly downregulated
AT3G61390,28.1858870037086,-2.08564301029646,0.627249440343885,-3.32506157223994,0.000883990104333405,0.0102901189504432,1.98757960490496,Significantly downregulated
AT4G14245,30.7372792267506,-2.13470503715727,0.643845128515382,-3.31555671171979,0.000914607813205842,0.0105486014061671,1.9768051177927,Significantly downregulated
AT1G56630,26.5610662310783,-1.51530890779586,0.459629501812769,-3.29680514810193,0.000977913197539546,0.0110789527017427,1.95550129171511,Significantly downregulated
AT4G12270,47.8201530839258,-1.50205084562998,0.455782670920628,-3.29554180415857,0.000982320870685089,0.0111130555233709,1.95416651581212,Significantly downregulated
AT2G03505,18.7674181379224,-1.82494398931897,0.554346647162706,-3.29206282505635,0.000994553916200283,0.011207227380208,1.95050181670142,Significantly downregulated
AT1G33320,11.6054631430841,-2.33861681723359,0.712121802181275,-3.28401238393524,0.0010234042528987,0.0114466092131697,1.9413231437258,Significantly downregulated
AT3G26830,38.6199763145509,-1.50191349194225,0.458770818280112,-3.27377730251629,0.00106120209318927,0.0117702174178747,1.92921551485315,Significantly downregulated
AT5G23190,30.4471337532493,-1.95230731487549,0.596408784191446,-3.27343822999226,0.00106247610242935,0.0117704142900095,1.92920825077606,Significantly downregulated
AT2G28140,60.5647728919259,1.66298525081125,0.509069485963127,3.26671563836711,0.00108802909256039,0.0119619603741747,1.9221976405885,Significantly upregulated
AT2G30750,25.0316978896726,-2.05171263972405,0.628474291463904,-3.26459278858488,0.0010962155105882,0.012033692917714,1.9196010752645,Significantly downregulated
AT1G23110,19.5987469696515,2.70162298043287,0.828172130558778,3.26215152713489,0.00110570023260813,0.0120973145662618,1.91731102625315,Significantly upregulated
AT3G45130,23.2410443401273,-1.91228168480253,0.587172278042475,-3.25676425184399,0.00112689983535241,0.01227570279138,1.91095363487252,Significantly downregulated
AT4G23770,23.2236276855779,1.67372704310537,0.514161999090152,3.25525232527326,0.00113291662938971,0.0123293448611163,1.90905999970283,Significantly upregulated
AT5G25130,20.9963700629343,-1.65521056407532,0.508535385824886,-3.25485818728313,0.00113448999562896,0.0123349231653509,1.90886355140068,Significantly downregulated
AT3G50400,18.5259578263398,-1.82971209754201,0.562618362143341,-3.25213718686957,0.00114540723239839,0.012405463839954,1.90638699282938,Significantly downregulated
AT4G38530,31.2357792271049,-1.57083311690766,0.483523477453105,-3.24872149989865,0.00115924915357147,0.0125013916126429,1.90304164010776,Significantly downregulated
AT1G66020,18.3092746903918,-2.07092970797096,0.63862363794766,-3.24280152646134,0.00118360631503261,0.0126618378841908,1.89750325126725,Significantly downregulated
AT1G30560,20.2687186597616,-1.95052413916802,0.605599594936829,-3.2208148015216,0.00127826721248471,0.01339494040068,1.8730592143972,Significantly downregulated
AT4G39770,35.3628415990586,-1.79653804130695,0.557982001866172,-3.21970607528276,0.00128322092641659,0.0134401761160783,1.87159504037893,Significantly downregulated
AT2G33205,29.6200500227847,1.75270592728921,0.546545488694954,3.20688023877818,0.00134182844545353,0.0139056059882147,1.85681008039902,Significantly upregulated
AT2G04038,15.9534774013662,-2.1340467399176,0.666695701657809,-3.20093070138455,0.0013698447298851,0.0141439914905017,1.84942801361701,Significantly downregulated
AT1G54540,18.3767634306545,-1.86329750207082,0.584243737764381,-3.18924685303562,0.00142644012151564,0.0145816032530478,1.8361947225426,Significantly downregulated
AT1G21140,56.5596945146225,-1.55171398676221,0.487113276695467,-3.18553006251215,0.00144489091065892,0.0147235362277573,1.83198787072129,Significantly downregulated
AT1G08630,60.4747525309157,-1.66243870141515,0.52331208931616,-3.17676341776768,0.00148928471813019,0.0150535805521346,1.82236018916738,Significantly downregulated
AT5G64690,16.8111436455063,-1.88986542172154,0.595269897701835,-3.17480428460731,0.00149937594031055,0.0151420198428409,1.81981618903074,Significantly downregulated
AT5G04200,21.7841966435366,-1.62749602164851,0.51317933921313,-3.17139817854707,0.00151707041308418,0.0152524705094534,1.81665980604015,Significantly downregulated
AT4G36740,9.29300526366526,-2.88119224206582,0.913218424180377,-3.15498698424938,0.00160505265635816,0.0159663479535743,1.79679441041066,Significantly downregulated
AT5G36790,39.2402808343978,2.18902693802915,0.695902836196221,3.14559278130593,0.00165750611949074,0.0164013900144785,1.78511934402326,Significantly upregulated
AT1G23560,28.5845067769604,-1.52007842464473,0.483395057187827,-3.14458826593688,0.00166320729455168,0.0164361873228223,1.78419891773844,Significantly downregulated
AT2G38380,1208.4723848358,-2.25300603454813,0.716561528274633,-3.14419061817764,0.001665469143982,0.0164513365640341,1.78379881268029,Significantly downregulated
AT5G37690,12.6024524468894,-2.73607763089684,0.870274091117177,-3.14392633174282,0.00166697398961212,0.0164589982150197,1.78359660186549,Significantly downregulated
AT2G40250,22.4703429130245,1.66882006997525,0.531254462682772,3.14128197916287,0.0016820999475636,0.0165793353346978,1.78043288429595,Significantly upregulated
AT2G40390,19.8753293982629,-1.7317305525896,0.552589461855515,-3.13384650292587,0.0017253108246441,0.0168799265812925,1.77262944665639,Significantly downregulated
AT3G44970,14.3574695506876,1.90915835265081,0.613060949093618,3.11414118852849,0.00184481188321171,0.017840295208214,1.7485979635116,Significantly upregulated
AT3G58550,15.9442056108116,-2.20134755803999,0.707598927276172,-3.11101030991362,0.00186448429525412,0.017953615626357,1.74584807697696,Significantly downregulated
AT4G28420,29.7304836021546,-1.62967951421541,0.52403742163691,-3.10985331758343,0.0018718027206526,0.0179933812639906,1.74488721762668,Significantly downregulated
AT3G45410,116.415933152433,-1.52546519368534,0.493120755036669,-3.09349216820515,0.00197815774177467,0.0187207540417594,1.72767666256479,Significantly downregulated
AT3G30210,28.1423250064538,-1.57217631747417,0.508265526389781,-3.09321847704559,0.00197998311671717,0.0187301755772939,1.72745815151465,Significantly downregulated
AT5G63060,24.5799348633297,1.55953580600537,0.504234290786553,3.09287931126749,0.00198224731778295,0.0187437386718387,1.72714377937106,Significantly upregulated
AT3G02670,285.481507295898,-2.44460019338192,0.790957158011505,-3.09068597283794,0.0019969470675253,0.0188275239185938,1.72520679199608,Significantly downregulated
AT1G47600,24.0354609500113,-2.26041107036097,0.732420481826967,-3.08622045184011,0.00202718464054183,0.019064826884029,1.71976713393357,Significantly downregulated
AT1G65330,25.0861962665862,-1.65644249482653,0.537272745773558,-3.08305699080569,0.00204885913391601,0.0192318130514699,1.71597977134487,Significantly downregulated
AT4G04750,9.74395396869777,2.45201033228777,0.79608434475355,3.08008862182419,0.00206939009826739,0.0193168750653405,1.71406312904097,Significantly upregulated
AT4G36610,21.4629140450495,-1.83577875673173,0.596307108551282,-3.07857936020874,0.00207990124567766,0.0193909339182943,1.71240127365495,Significantly downregulated
AT5G59270,19.5221553700929,-1.86219711073149,0.605453806253096,-3.07570468877858,0.00210005727983439,0.0195546175177979,1.708750674293,Significantly downregulated
AT3G53600,22.8973029592697,1.81496300828212,0.590578245309287,3.07319652001678,0.00211778972093095,0.0196467865972595,1.70670847211809,Significantly upregulated
AT3G22840,938.814945411369,2.60997648758212,0.849695350227344,3.07166149242054,0.00212870979894802,0.0197237721149654,1.70501002387487,Significantly upregulated
AT3G05770,48.550563199611,-1.50875018666427,0.493560656317683,-3.05686883132184,0.00223662126298584,0.0203723884289159,1.69095805196736,Significantly downregulated
AT3G46330,25.3222187265476,-1.56600316484015,0.513960069073066,-3.04693547042372,0.0023118733485541,0.0208707028505566,1.68046292520486,Significantly downregulated
AT2G35380,16.1981225535769,-1.99001306225419,0.65393129789545,-3.04315310898661,0.0023411318455667,0.0210608556740876,1.67652398799453,Significantly downregulated
AT4G21650,11.3134824770742,-2.34642969358028,0.774029125079492,-3.03144884029952,0.00243383160609718,0.0216702221622167,1.66413663628838,Significantly downregulated
AT3G03500,19.4538767379454,-1.64208756703821,0.542677348665211,-3.02590032747295,0.00247894005090079,0.021955607965626,1.65845453248531,Significantly downregulated
AT2G22630,10.8020307077004,-2.47550158313502,0.818858857819499,-3.02311144282779,0.00250190089625409,0.0221079812756461,1.6554509119158,Significantly downregulated
AT4G37810,16.743620010166,1.86595222045177,0.625245838240508,2.98434968508181,0.00284181792259529,0.0243795789931198,1.6129737984118,Significantly upregulated
AT2G19970,44.6944825965035,-1.79332900621181,0.602522885455905,-2.97636662357624,0.00291685928637109,0.0248909001711463,1.60395939699155,Significantly downregulated
AT3G07425,12.5689172489875,-2.13980500685717,0.719330599199669,-2.97471706227696,0.00293258896931328,0.0249740892163816,1.60251034116053,Significantly downregulated
AT2G29220,15.9607939286623,-1.93549073798689,0.653638985965819,-2.96110051502971,0.00306541878433344,0.0259136956483858,1.58647064624814,Significantly downregulated
AT5G42800,9.42689962844591,2.77255664659048,0.937220872828432,2.95827454015531,0.00309366458425783,0.0260743477712037,1.58378654629203,Significantly upregulated
AT1G35290,17.1604392598882,1.91999478903824,0.649227380141696,2.95735338306156,0.00310292276713606,0.0261259758748202,1.58292747852169,Significantly upregulated
AT4G39700,22.5374851147215,-1.52661947313455,0.518213397175621,-2.94592822465603,0.00321987106700704,0.0269169295753392,1.56997448176378,Significantly downregulated
AT1G68230,39.422153232137,-1.56698148446808,0.532621363149133,-2.94201771255152,0.0032608127517136,0.0271786575402244,1.5657719985701,Significantly downregulated
AT3G16210,18.5907668257024,-1.72911377886689,0.58805970307677,-2.94037113888274,0.00327819325418224,0.0273033579114935,1.5637839378401,Significantly downregulated
AT5G09520,22.887579044986,-2.2507612448535,0.76686842685834,-2.93500314529089,0.00333544306973845,0.0276410314814659,1.55844575441107,Significantly downregulated
AT1G09027,14.5412519863103,1.74321562645879,0.594986556556932,2.92984035899304,0.00339136184038847,0.0279468521721096,1.55366710231321,Significantly upregulated
AT5G18600,89.119780758948,-1.71406277151973,0.586082167628466,-2.92461171179383,0.00344886264837405,0.028307010485982,1.54810599421659,Significantly downregulated
AT2G16190,16.7038495119356,-1.82830605511807,0.625763405509011,-2.92172095559165,0.00348103263661433,0.0284881753593264,1.54533536602036,Significantly downregulated
AT3G50250,24.5599922642514,-2.37653137948017,0.817479820676676,-2.90714378431137,0.00364745500583046,0.0295820003365431,1.52897246232865,Significantly downregulated
AT3G28960,9.03876176693865,-2.50524037133853,0.865391732707769,-2.89492061993677,0.00379254425196141,0.0304969955075834,1.51574294421879,Significantly downregulated
AT4G15340,196.257739660417,-1.56447202747352,0.543132067998208,-2.88046337098011,0.00397091090018627,0.0315145674852687,1.5014886488763,Significantly downregulated
AT3G48300,22.0525176266585,-1.52894500471412,0.530911259787752,-2.87985040160075,0.00397863906867729,0.0315648022562795,1.50079692704867,Significantly downregulated
AT3G57950,22.2017761649473,-1.70109890383096,0.592081861997892,-2.87308058735469,0.00406490412399402,0.0320889343823241,1.4936447048291,Significantly downregulated
AT5G07095,15.2644421800379,1.90005647569238,0.661368428804035,2.87291680845468,0.00406701196719251,0.0320889343823241,1.4936447048291,Significantly upregulated
AT1G32780,8.80867435989488,2.45495425622165,0.85614306735449,2.86745796331393,0.00413783769719636,0.0324739689372111,1.48846462907675,Significantly upregulated
AT1G64590,15.2574327368422,-2.03309838491221,0.709405159801985,-2.8659199285775,0.00415799400612635,0.032575523329496,1.48710859856897,Significantly downregulated
AT1G21530,15.0143101373797,-1.75497762620644,0.61299318985998,-2.86296431222557,0.00419697832272446,0.0327898919080006,1.48426001498163,Significantly downregulated
AT4G28530,18.81390226048,-1.94177913400618,0.680142612988825,-2.85495879382297,0.00430424130589977,0.03337222073648,1.47661489249088,Significantly downregulated
AT5G13900,13.9727090346417,-1.92078468253971,0.680880304543826,-2.82103134680419,0.0047869525014107,0.0361842950131751,1.44147988441337,Significantly downregulated
AT4G09110,19.4495338927373,-1.53919096316746,0.546879537774213,-2.81449726466624,0.00488535934145394,0.0367068727350056,1.43525261391016,Significantly downregulated
AT5G27070,15.6483177151361,-2.47097263836748,0.878014926882527,-2.81427178822676,0.00488878757183077,0.0367204074155715,1.43509250891543,Significantly downregulated
AT5G58830,10.5094241395026,-1.98985172473902,0.712121003957503,-2.79426068558675,0.00520185266508469,0.0382961741056059,1.41684461109191,Significantly downregulated
AT4G15360,16.4017785784307,-1.87500595269134,0.675481000922511,-2.77580857215914,0.00550646189591753,0.0400536098784256,1.3973583365178,Significantly downregulated
AT4G11930,14.3938480230887,-2.03167777878441,0.733562587845574,-2.76960386536522,0.00561245064321561,0.0406542437317136,1.39089411346304,Significantly downregulated
AT1G04533,13.4973314289078,-1.74597221056351,0.630520974545041,-2.76909457583601,0.00562123153384653,0.0407047856754732,1.39035452762326,Significantly downregulated
AT3G11430,20.3269122560502,-2.23807044477426,0.808578003848554,-2.76790913693152,0.00564171823889875,0.0408269388811105,1.38905318135253,Significantly downregulated
AT3G51560,29.9164586730522,-1.61778112146179,0.585814263708165,-2.76159394143349,0.00575199664611521,0.0414389774335992,1.38259096997191,Significantly downregulated
AT3G44540,19.1712170853999,-1.58563831229586,0.574253032933938,-2.76121887279309,0.00575860698594406,0.0414733625653297,1.38223075160571,Significantly downregulated
AT1G09823,11.482070359527,2.00766851599679,0.730401214538775,2.74872012263092,0.0059828447656447,0.0428150885242126,1.36840315369668,Significantly upregulated
AT2G44460,60.2595946329062,1.67931362844505,0.611141371488298,2.74783169130811,0.00599907954770506,0.0428904733833547,1.36763916041413,Significantly upregulated
AT3G14780,18.2132895001159,-1.80312831614339,0.656374760551711,-2.74710184564041,0.00601244609437705,0.0429588226641926,1.3669476294838,Significantly downregulated
AT4G36950,28.0422748560046,1.60681243178661,0.586416985593219,2.740050972707,0.00614296565692013,0.0436977238708932,1.35954118399195,Significantly upregulated
AT1G47790,11.4577245808632,-2.48770613756951,0.909216998896137,-2.73609725795909,0.00621726475457216,0.044170564298221,1.35486705240477,Significantly downregulated
AT5G14110,8.75229024878217,-2.30720408825197,0.845126324637323,-2.7300109119688,0.00633322292152897,0.044684956099353,1.34983866440082,Significantly downregulated
AT1G68850,23.5159209964694,-1.52036766472554,0.558368484810989,-2.72287513726744,0.00647165123719362,0.0454195888056642,1.34275680186968,Significantly downregulated
AT2G47895,12.7695015354464,1.86783593879024,0.686059407449525,2.7225571408372,0.00647788298751946,0.0454195888056642,1.34275680186968,Significantly upregulated
AT2G14560,18.4268271993235,-1.60945812315799,0.591246870205616,-2.72214231357921,0.00648602043751406,0.0454223992368678,1.34272992982978,Significantly downregulated
AT1G14550,10.1887471060333,-2.4379404796775,0.902210932088038,-2.70218459228291,0.00688855067093063,0.0473768325362176,1.32443397818535,Significantly downregulated
AT3G50460,14.5509673527279,-1.70741130874716,0.632675204917688,-2.69871696484344,0.0069607348214797,0.0477250138686568,1.32125393673041,Significantly downregulated
AT3G12240,15.5843528739241,-1.84586505378308,0.684641451276924,-2.69610472801546,0.00701556057016164,0.0479407258943743,1.31929539438383,Significantly downregulated
